conid,symbol,expiry,strike,right,exchange,last,bid,ask,delta,gamma,theta,vega,volume,open_interest,implied_volatility
906489869,BP,20260911,44.0,P,MIAX,,,,,,,,,,
906488557,BP,20260911,44.0,C,MIAX,,,,,,,,,,
914578519,BP,20260911,43.5,P,MIAX,,,,,,,,,,
914578018,BP,20260911,43.5,C,MIAX,,,,,,,,,,
914578570,BP,20260911,44.5,P,MIAX,,,,,,,,,,
914578072,BP,20260911,44.5,C,MIAX,,,,,,,,,,
906489831,BP,20260911,43.0,P,MIAX,,,,,,,,,,
906488504,BP,20260911,43.0,C,MIAX,,,,,,,,,,
906489944,BP,20260911,45.0,P,MIAX,,,,,,,,,,
906488625,BP,20260911,45.0,C,MIAX,,,,,,,,,,
914578460,BP,20260911,42.5,P,MIAX,,,,,,,,,,
914577951,BP,20260911,42.5,C,MIAX,,,,,,,,,,
914578628,BP,20260911,45.5,P,MIAX,,,,,,,,,,
914578131,BP,20260911,45.5,C,MIAX,,,,,,,,,,
906489766,BP,20260911,42.0,P,MIAX,,,,,,,,,,
906488443,BP,20260911,42.0,C,MIAX,,,,,,,,,,
906490004,BP,20260911,46.0,P,MIAX,,,,,,,,,,
906488698,BP,20260911,46.0,C,MIAX,,,,,,,,,,
914578411,BP,20260911,41.5,P,MIAX,,,,,,,,,,
914577906,BP,20260911,41.5,C,MIAX,,,,,,,,,,
