conid,symbol,right,month,strike,maturityDate,bid,ask,delta,gamma,theta,vega,volume,open_interest,historical_volatility,implied_volatility
833015832,TREX,P,JUL26,17.5,20260717,,,,,,,,,,
833015904,TREX,P,JUL26,20.0,20260717,,,,,,,,,,
833015986,TREX,P,JUL26,22.5,20260717,,,,,,,,,,
833016066,TREX,P,JUL26,25.0,20260717,,,,,,,,,,
833016164,TREX,P,JUL26,27.5,20260717,,,,,,,,,,
833016257,TREX,P,JUL26,30.0,20260717,,,,,,,,,,
833016331,TREX,P,JUL26,32.5,20260717,,,,,,,,,,
833016414,TREX,P,JUL26,35.0,20260717,,,,,,,,,,
833016496,TREX,P,JUL26,37.5,20260717,,,,,,,,,,
833016591,TREX,P,JUL26,40.0,20260717,,,,,,,,,,
833016690,TREX,P,JUL26,42.5,20260717,,,,,,,,,,
833016763,TREX,P,JUL26,45.0,20260717,,,,,,,,,,
836941335,TREX,P,JUL26,47.5,20260717,,,,,,,,,,
836941365,TREX,P,JUL26,50.0,20260717,,,,,,,,,,
848513424,TREX,P,JUL26,52.5,20260717,,,,,,,,,,
845094721,TREX,P,JUL26,55.0,20260717,,,,,,,,,,
896476571,TREX,P,JUL26,57.5,20260717,,,,,,,,,,
845094786,TREX,P,JUL26,60.0,20260717,,,,,,,,,,
848513487,TREX,P,JUL26,65.0,20260717,,,,,,,,,,
893842622,TREX,P,AUG26,25.0,20260821,,,,,,,,,,
896476707,TREX,P,AUG26,27.5,20260821,,,,,,,,,,
893842670,TREX,P,AUG26,30.0,20260821,,,,,,,,,,
893842719,TREX,P,AUG26,32.5,20260821,,,,,,,,,,
893842769,TREX,P,AUG26,35.0,20260821,,,,,,,,,,
893842812,TREX,P,AUG26,37.5,20260821,,,,,,,,,,
893842852,TREX,P,AUG26,40.0,20260821,,,,,,,,,,
893842912,TREX,P,AUG26,42.5,20260821,,,,,,,,,,
893842952,TREX,P,AUG26,45.0,20260821,,,,,,,,,,
893843006,TREX,P,AUG26,47.5,20260821,,,,,,,,,,
893843054,TREX,P,AUG26,50.0,20260821,,,,,,,,,,
893843117,TREX,P,AUG26,52.5,20260821,,,,,,,,,,
893843157,TREX,P,AUG26,55.0,20260821,,,,,,,,,,
896476751,TREX,P,AUG26,57.5,20260821,,,,,,,,,,
893843263,TREX,P,AUG26,60.0,20260821,,,,,,,,,,
893843311,TREX,P,AUG26,65.0,20260821,,,,,,,,,,
893843369,TREX,P,AUG26,70.0,20260821,,,,,,,,,,
844799491,TREX,P,OCT26,20.0,20261016,,,,,,,,,,
844799497,TREX,P,OCT26,22.5,20261016,,,,,,,,,,
844799500,TREX,P,OCT26,25.0,20261016,,,,,,,,,,
844799511,TREX,P,OCT26,27.5,20261016,,,,,,,,,,
844799517,TREX,P,OCT26,30.0,20261016,,,,,,,,,,
844799524,TREX,P,OCT26,32.5,20261016,,,,,,,,,,
844799534,TREX,P,OCT26,35.0,20261016,,,,,,,,,,
844799536,TREX,P,OCT26,37.5,20261016,,,,,,,,,,
844799541,TREX,P,OCT26,40.0,20261016,,,,,,,,,,
844799551,TREX,P,OCT26,42.5,20261016,,,,,,,,,,
844799559,TREX,P,OCT26,45.0,20261016,,,,,,,,,,
844799565,TREX,P,OCT26,47.5,20261016,,,,,,,,,,
844799574,TREX,P,OCT26,50.0,20261016,,,,,,,,,,
848513666,TREX,P,OCT26,52.5,20261016,,,,,,,,,,
844799577,TREX,P,OCT26,55.0,20261016,,,,,,,,,,
896476836,TREX,P,OCT26,57.5,20261016,,,,,,,,,,
845094948,TREX,P,OCT26,60.0,20261016,,,,,,,,,,
848513711,TREX,P,OCT26,65.0,20261016,,,,,,,,,,
894530535,TREX,P,OCT26,70.0,20261016,,,,,,,,,,
